Day,Week,Date,Module,Module Text,Topics,Proposed,Best,Best Score,2nd Best,2nd Best Score,3rd Best,3rd Best Scrore,4rd Best,4rd Best Scrore,5rd Best,5rd Best Scrore,Mapping,Mentor Dictionary
Day1,Week1,23-03-2019,CSE 7212c,Essential Engineering Skills in Big Data Analytics Using R and Python,R & Python Introduction,,,,,,,,,,,,,
Day2,Week1,24-03-2019,CSE 7315c,Foundations of Probability and Statistics for Data Science,Foundations of Probability and Statistics for Data Science,Dr. Anand Narasimhamurthy,Dr. Manoj Duse,6.72,Dr. Anand Narasimhamurthy,6.72,Dr. Anand Jayaraman,4.8,Dr. Rohit Lotlikar,3.36,Dr. Surya Kompalli,1.6,['Foundations of Probability and Statistics for Data Science'],"{'Dr. Rohit Lotlikar': 3.3600000000000003, 'Dr. Anand Jayaraman': 4.800000000000002, 'Dr. Manoj Duse': 6.7200000000000015, 'Dr. Surya Kompalli': 1.6, 'Dr. Sreerama Murthy': 1.0, 'Dr. Anand Narasimhamurthy': 6.7200000000000015}"
Day3,Week2,30-03-2019,CSE 7315c,Foundations of Probability and Statistics for Data Science,Foundations of Probability and Statistics for Data Science,Dr. Anand Jayaraman,Dr. Anand Jayaraman,4.8,Dr. Surya Kompalli,1.6,Dr. Sreerama Murthy,1,,,,,['Foundations of Probability and Statistics for Data Science'],"{'Dr. Surya Kompalli': 1.6, 'Dr. Sreerama Murthy': 1.0, 'Dr. Anand Jayaraman': 4.800000000000002}"
Day4,Week2,31-03-2019,CSE 7315c,Foundations of Probability and Statistics for Data Science,Foundations of Probability and Statistics for Data Science,Dr. Anand Jayaraman,Dr. Manoj Duse,6.72,Dr. Anand Jayaraman,4.8,Dr. Dakshinamurthy Kolluru,1.6,Dr. Surya Kompalli,1.6,Dr. Sreerama Murthy,1,['Foundations of Probability and Statistics for Data Science'],"{'Dr. Anand Jayaraman': 4.800000000000002, 'Dr. Manoj Duse': 6.7200000000000015, 'Dr. Dakshinamurthy Kolluru': 1.6, 'Dr. Surya Kompalli': 1.6, 'Dr. Sreerama Murthy': 1.0}"
Day5,Week3,06-04-2019,CSE 7315c,Foundations of Probability and Statistics for Data Science,Foundations of Probability and Statistics for Data Science,Dr. Anand Narasimhamurthy,Dr. Manoj Duse,6.72,Dr. Anand Narasimhamurthy,6.72,Dr. Anand Jayaraman,4.8,Dr. Praphul Chandra,3.36,Dr. Rohit Lotlikar,3.36,['Foundations of Probability and Statistics for Data Science'],"{'Dr. Praphul Chandra': 3.3600000000000003, 'Dr. Rohit Lotlikar': 3.3600000000000003, 'Dr. Anand Jayaraman': 4.800000000000002, 'Dr. Manoj Duse': 6.7200000000000015, 'Dr. Dakshinamurthy Kolluru': 1.6, 'Dr. Sreerama Murthy': 1.0, 'Dr. Anand Narasimhamurthy': 6.7200000000000015}"
Day6,Week3,07-04-2019,CSE 7315c,Foundations of Probability and Statistics for Data Science,Foundations of Probability and Statistics for Data Science,Dr. Anand Narasimhamurthy,Dr. Anand Narasimhamurthy,6.72,Dr. Anand Jayaraman,4.8,Dr. Praphul Chandra,3.36,Dr. Rohit Lotlikar,3.36,Dr. Dakshinamurthy Kolluru,1.6,['Foundations of Probability and Statistics for Data Science'],"{'Dr. Praphul Chandra': 3.3600000000000003, 'Dr. Rohit Lotlikar': 3.3600000000000003, 'Dr. Anand Jayaraman': 4.800000000000002, 'Dr. Dakshinamurthy Kolluru': 1.6, 'Dr. Sreerama Murthy': 1.0, 'Dr. Anand Narasimhamurthy': 6.7200000000000015}"
Day7,Week4,13-04-2019,CSE 7212c,Essential Engineering Skills in Big Data Analytics Using R and Python,R Preprocessing,,,,,,,,,,,,,
Day8,Week4,14-04-2019,CSE 7212c,Essential Engineering Skills in Big Data Analytics Using R and Python,Python Preprocessing,,,,,,,,,,,,,
Day9,Week5,20-04-2019,CUTe,CSE 7212c,,,,,,,,,,,,,,
Day10,Week5,21-04-2019,CSE 7302c,Statistics and Probability in Decision Modeling,"Introduction to Supervised Methods, Linear Regression",Dr. Anand Narasimhamurthy,Dr. Manoj Duse,6.72,Dr. Anand Narasimhamurthy,6.72,Dr. Sridhar Pappu,4.8,Dr. Anand Jayaraman,4.8,Dr. Sreerama Murthy,2,['Linear Regression'],"{'Dr. Sridhar Pappu': 4.800000000000002, 'Dr. Anand Jayaraman': 4.800000000000002, 'Dr. Manoj Duse': 6.7200000000000015, 'Dr. Kishore Konda': 1.6, 'Dr. Dakshinamurthy Kolluru': 1.6, 'Dr. Sreerama Murthy': 2.0, 'Dr. Anand Narasimhamurthy': 6.7200000000000015}"
Day11,Week6,27-04-2019,CSE 7302c,Statistics and Probability in Decision Modeling,Multiple Linear Regression and Feature Selection (StepAIC & VIF),Dr. Anand Narasimhamurthy,Dr. Praphul Chandra,6.72,Dr. Manoj Duse,6.72,Dr. Anand Narasimhamurthy,6.72,Dr. Sridhar Pappu,4.8,Dr. Anand Jayaraman,4.8,['Linear Regression'],"{'Dr. Praphul Chandra': 6.7200000000000015, 'Dr. Sridhar Pappu': 4.800000000000002, 'Dr. Anand Jayaraman': 4.800000000000002, 'Dr. Manoj Duse': 6.7200000000000015, 'Dr. Dakshinamurthy Kolluru': 1.6, 'Dr. Sreerama Murthy': 2.0, 'Dr. Anand Narasimhamurthy': 6.7200000000000015}"
Day12,Week6,28-04-2019,CSE 7302c,Statistics and Probability in Decision Modeling,Logistic Regression & Naive Bayes Classifier,Dr. Anand Narasimhamurthy,Dr. Praphul Chandra,13.44,Dr. Manoj Duse,13.44,Dr. Anand Narasimhamurthy,13.44,Dr. Sridhar Pappu,9.6,Dr. Anand Jayaraman,8,"['Logistic Regression', ' Naive Bayes']","{'Dr. Praphul Chandra': 13.440000000000003, 'Dr. Sridhar Pappu': 9.600000000000003, 'Dr. Anand Jayaraman': 8.000000000000002, 'Dr. Manoj Duse': 13.440000000000003, 'Dr. Dakshinamurthy Kolluru': 3.2, 'Dr. Surya Kompalli': 6.4, 'Dr. Sreerama Murthy': 4.0, 'Dr. Anand Narasimhamurthy': 13.440000000000003}"
Day13,Week7,04-05-2019,CSE 7302c,Statistics and Probability in Decision Modeling,PCA & Regularization,Dr. Anand Narasimhamurthy,Dr. Manoj Duse,13.44,Dr. Anand Narasimhamurthy,13.44,Dr. Sridhar Pappu,9.6,Dr. Anand Jayaraman,9.6,Dr. Kishore Konda,4.8,"['PCA', ' Regularization']","{'Dr. Sridhar Pappu': 9.600000000000003, 'Dr. Anand Jayaraman': 9.600000000000003, 'Dr. Manoj Duse': 13.440000000000003, 'Dr. Kishore Konda': 4.800000000000001, 'Dr. Dakshinamurthy Kolluru': 3.2, 'Dr. Sreerama Murthy': 4.0, 'Dr. Anand Narasimhamurthy': 13.440000000000003}"
Day14,Week7,05-05-2019,CSE 7302c,Statistics and Probability in Decision Modeling,Time Series,Dr. Anand Narasimhamurthy,Dr. Sridhar Pappu,4.8,Dr. Anand Jayaraman,4.8,Dr. Anand Narasimhamurthy,3.36,Dr. Sreerama Murthy,2,Dr. Dakshinamurthy Kolluru,1.6,['Time Series'],"{'Dr. Sridhar Pappu': 4.800000000000002, 'Dr. Anand Jayaraman': 4.800000000000002, 'Dr. Dakshinamurthy Kolluru': 1.6, 'Dr. Sreerama Murthy': 2.0, 'Dr. Anand Narasimhamurthy': 3.3600000000000003}"
Day15,Week8,11-05-2019,CUTe,CSE 7302c,,,,,,,,,,,,,,
Day16,Week8,12-05-2019,CSE 7305c,Methods and Algorithms in Machine Learning,"Introduction to Unsupervised Methods, Distance Metrics, Clustering (Hierarchical & Kmeans)",Dr. Manoj Duse,Dr. Manoj Duse,10.08,Dr. Kishore Konda,4.8,Dr. Surya Kompalli,4.8,Dr. Anand Narasimhamurthy,3.36,Dr. Anand Jayaraman,3.2,['Clustering'],"{'Dr. Anand Jayaraman': 3.2, 'Dr. Manoj Duse': 10.080000000000002, 'Dr. Kishore Konda': 4.800000000000002, 'Dr. Dakshinamurthy Kolluru': 1.6, 'Dr. Manish Gupta': 3.0, 'Dr. Surya Kompalli': 4.800000000000002, 'Dr. Sreerama Murthy': 3.0, 'Dr. Anand Narasimhamurthy': 3.3600000000000003}"
Day17,Week9,18-05-2019,CSE 7305c,Methods and Algorithms in Machine Learning,Association Rules (Apriori) and Decision Trees (CART & C50),Dr. Anand Narasimhamurthy,Dr. Anand Narasimhamurthy,10.08,Dr. Surya Kompalli,8,Dr. Kishore Konda,6.4,Dr. Anand Jayaraman,6.4,Dr. Manish Gupta,6,"['Decision Trees', ' Association Rules']","{'Dr. Sridhar Pappu': 3.2, 'Dr. Anand Jayaraman': 6.4, 'Dr. Kishore Konda': 6.400000000000002, 'Dr. Dakshinamurthy Kolluru': 3.2, 'Dr. Manish Gupta': 6.0, 'Dr. Surya Kompalli': 8.000000000000002, 'Dr. Sreerama Murthy': 6.0, 'Dr. Anand Narasimhamurthy': 10.080000000000002}"
Day18,Week9,19-05-2019,CSE 7305c,Methods and Algorithms in Machine Learning,KNN & Collaborative Filtering,Dr. Praphul Chandra,Dr. Praphul Chandra,10.08,Dr. Rohit Lotlikar,3.36,Dr. Anand Narasimhamurthy,3.36,Dr. Anand Jayaraman,3.2,Dr. Surya Kompalli,3.2,['KNN & Collabrative Filtering'],"{'Dr. Praphul Chandra': 10.080000000000002, 'Dr. Rohit Lotlikar': 3.3600000000000003, 'Dr. Anand Jayaraman': 3.2, 'Dr. Dakshinamurthy Kolluru': 1.6, 'Dr. Manish Gupta': 3.0, 'Dr. Surya Kompalli': 3.2, 'Dr. Sreerama Murthy': 3.0, 'Dr. Anand Narasimhamurthy': 3.3600000000000003}"
Day19,Week10,25-05-2019,CSE 7305c,Methods and Algorithms in Machine Learning,Ensemble techniques: Bagging (RF) & Boosting (GBM),Dr. Praphul Chandra,Dr. Praphul Chandra,10.08,Dr. Surya Kompalli,4.8,Dr. Rohit Lotlikar,3.36,Dr. Anand Narasimhamurthy,3.36,Dr. Anand Jayaraman,3.2,['Ensembles Bagging (RF) & Boosting (GBM)'],"{'Dr. Praphul Chandra': 10.080000000000002, 'Dr. Rohit Lotlikar': 3.3600000000000003, 'Dr. Anand Jayaraman': 3.2, 'Dr. Dakshinamurthy Kolluru': 1.6, 'Dr. Manish Gupta': 3.0, 'Dr. Surya Kompalli': 4.800000000000002, 'Dr. Sreerama Murthy': 3.0, 'Dr. Anand Narasimhamurthy': 3.3600000000000003}"
Day20,Week10,26-05-2019,CSE 7305c,Methods and Algorithms in Machine Learning,SVM and Summary on Architecting ML Solutions,Dr. Praphul Chandra,Dr. Praphul Chandra,20.16,Dr. Anand Narasimhamurthy,6.72,Dr. Anand Jayaraman,6.4,Dr. Surya Kompalli,6.4,Dr. Manish Gupta,6,"['SVM', ' Architecting ML Solutions']","{'Dr. Praphul Chandra': 20.160000000000004, 'Dr. Rohit Lotlikar': 3.3600000000000003, 'Dr. Anand Jayaraman': 6.4, 'Dr. Dakshinamurthy Kolluru': 3.2, 'Dr. Manish Gupta': 6.0, 'Dr. Surya Kompalli': 6.4, 'Dr. Sreerama Murthy': 6.0, 'Dr. Anand Narasimhamurthy': 6.7200000000000015}"
Day21,Week11,01-06-2019,CUTe,CSE 7305c,,,,,,,,,,,,,,
Day22,Week11,02-06-2019,CSE 7124c,Foundations of Text Mining and Search,"Text Mining - TF-IDF, Matrix Factorization (SVD)",Dr. Manoj Duse,Dr. Manoj Duse,10.08,Dr. Rohit Lotlikar,3.36,Dr. Anand Narasimhamurthy,3.36,Dr. Kishore Konda,3.2,Dr. Manish Gupta,3,"['Text Mining - TF-IDF, Matrix Factorization (SVD)']","{'Dr. Rohit Lotlikar': 3.3600000000000003, 'Dr. Manoj Duse': 10.080000000000002, 'Dr. Kishore Konda': 3.2, 'Dr. Dakshinamurthy Kolluru': 1.6, 'Dr. Manish Gupta': 3.0, 'Dr. Sreerama Murthy': 2.0, 'Dr. Anand Narasimhamurthy': 3.3600000000000003}"
Day23,Week12,08-06-2019,CSE 7124c,Foundations of Text Mining and Search,"Text Mining – Page Rank, Text Classification & Sentiment Analysis",Dr. Manoj Duse,Dr. Manoj Duse,10.08,Dr. Rohit Lotlikar,3.36,Dr. Surya Kompalli,3.2,Dr. Manish Gupta,3,Dr. Sreerama Murthy,2,"['Text Mining - Page Rank, Text Classification & Sentiment Analysis']","{'Dr. Rohit Lotlikar': 3.3600000000000003, 'Dr. Manoj Duse': 10.080000000000002, 'Dr. Dakshinamurthy Kolluru': 1.6, 'Dr. Manish Gupta': 3.0, 'Dr. Surya Kompalli': 3.2, 'Dr. Sreerama Murthy': 2.0}"
Day24,Week12,09-06-2019,CSE 7120c,The Art and Science of Storytelling with Data Visualizations,Art and Science of Data Visualization,Dr. Anand Lakshmanan,Dr. Anand Lakshmanan,6.3,Dr. Praphul Chandra,3.36,Dr. Manoj Duse,3.36,Dr. Sridhar Pappu,3.2,Dr. Sreerama Murthy,2,['Art and Science of Data Visualisation'],"{'Dr. Anand Lakshmanan': 6.300000000000002, 'Dr. Praphul Chandra': 3.3600000000000003, 'Dr. Sridhar Pappu': 3.2, 'Dr. Manoj Duse': 3.3600000000000003, 'Dr. Dakshinamurthy Kolluru': 1.6, 'Dr. Sreerama Murthy': 2.0}"
Day25,Week13,15-06-2019,LAB DAY,CSE 7120c,,,,,,,,,,,,,,
Day26,Week13,16-06-2019,CSE 7321c – AI,AI and Decision Sciences,ANN,Dr. Rohit Lotlikar,Dr. Rohit Lotlikar,10.08,Dr. Kishore Konda,4.8,Dr. Surya Kompalli,4.8,Dr. Praphul Chandra,3.36,Dr. Anand Narasimhamurthy,3.36,['ANN'],"{'Dr. Praphul Chandra': 3.3600000000000003, 'Dr. Rohit Lotlikar': 10.080000000000002, 'Dr. Kishore Konda': 4.800000000000002, 'Dr. Dakshinamurthy Kolluru': 1.6, 'Dr. Surya Kompalli': 4.800000000000002, 'Dr. Sreerama Murthy': 3.0, 'Dr. Anand Narasimhamurthy': 3.3600000000000003}"
Day27,Week14,22-06-2019,MiTH,Scholarship Exam,,,,,,,,,,,,,,
Day28,Week14,23-06-2019,MiTH,Scholarship Exam,,,,,,,,,,,,,,
Day29,Week15,29-06-2019,CSE 7321c – AI,AI and Decision Sciences,Deep Learning,Dr. Kishore Konda,Dr. Kishore Konda,4.8,Dr. Praphul Chandra,3.36,Dr. Rohit Lotlikar,3.36,Dr. Sreerama Murthy,3,Dr. Dakshinamurthy Kolluru,1.6,['Deep Learning'],"{'Dr. Praphul Chandra': 3.3600000000000003, 'Dr. Rohit Lotlikar': 3.3600000000000003, 'Dr. Kishore Konda': 4.800000000000002, 'Dr. Dakshinamurthy Kolluru': 1.6, 'Dr. Surya Kompalli': 1.6, 'Dr. Sreerama Murthy': 3.0}"
Day30,Week15,30-06-2019,CSE 7321c – AI,AI and Decision Sciences,CNN,Dr. Kishore Konda,Dr. Kishore Konda,4.8,Dr. Praphul Chandra,3.36,Dr. Rohit Lotlikar,3.36,Dr. Sreerama Murthy,3,Dr. Dakshinamurthy Kolluru,1.6,['CNN'],"{'Dr. Praphul Chandra': 3.3600000000000003, 'Dr. Rohit Lotlikar': 3.3600000000000003, 'Dr. Kishore Konda': 4.800000000000002, 'Dr. Dakshinamurthy Kolluru': 1.6, 'Dr. Surya Kompalli': 1.6, 'Dr. Sreerama Murthy': 3.0}"
Day31,Week16,06-07-2019,CSE 7321c – AI,AI and Decision Sciences,RNN & LSTM,Dr. Kishore Konda,Dr. Kishore Konda,4.8,Dr. Praphul Chandra,3.36,Dr. Manoj Duse,3.36,Dr. Sreerama Murthy,3,Dr. Dakshinamurthy Kolluru,1.6,['RNN & LSTM'],"{'Dr. Praphul Chandra': 3.3600000000000003, 'Dr. Manoj Duse': 3.3600000000000003, 'Dr. Kishore Konda': 4.800000000000002, 'Dr. Dakshinamurthy Kolluru': 1.6, 'Dr. Sreerama Murthy': 3.0}"
Day32,Week16,07-07-2019,CSE 7321c,AI and Decision Sciences,Linear Programming,Dr. Manoj Duse,Dr. Manoj Duse,10.08,Dr. Anand Narasimhamurthy,6.72,Dr. Praphul Chandra,3.36,Dr. Rohit Lotlikar,3.36,Dr. Surya Kompalli,3.2,['Linear Programming'],"{'Dr. Praphul Chandra': 3.3600000000000003, 'Dr. Rohit Lotlikar': 3.3600000000000003, 'Dr. Manoj Duse': 10.080000000000002, 'Dr. Kishore Konda': 1.6, 'Dr. Anand Jayaraman': 1.6, 'Dr. Dakshinamurthy Kolluru': 1.6, 'Dr. Surya Kompalli': 3.2, 'Dr. Sreerama Murthy': 3.0, 'Dr. Anand Narasimhamurthy': 6.7200000000000015}"
Day33,Week17,13-07-2019,CSE 7321c,AI and Decision Sciences,Monte Carlo Simulations & Genetic Algorithm,Dr. Manoj Duse,Dr. Manoj Duse,10.08,Dr. Praphul Chandra,3.36,Dr. Rohit Lotlikar,3.36,Dr. Anand Narasimhamurthy,3.36,Dr. Kishore Konda,3.2,['Monte Carlo Simulations & Genetic Algorithm'],"{'Dr. Praphul Chandra': 3.3600000000000003, 'Dr. Rohit Lotlikar': 3.3600000000000003, 'Dr. Manoj Duse': 10.080000000000002, 'Dr. Kishore Konda': 3.2, 'Dr. Dakshinamurthy Kolluru': 1.6, 'Dr. Surya Kompalli': 3.2, 'Dr. Sreerama Murthy': 3.0, 'Dr. Anand Narasimhamurthy': 3.3600000000000003}"
Day34,Week17,14-07-2019,CUTe,CSE 7321c,,,,,,,,,,,,,,
Day35,Week18,20-07-2019,CSE 7322c,Applying ML to Big Data Using Hadoop and Spark Ecosystem,Big Data,Dr. Manoj Duse,Dr. Manoj Duse,10.08,Dr. Praphul Chandra,3.36,Dr. Surya Kompalli,3.2,Dr. Sreerama Murthy,2,Dr. Dakshinamurthy Kolluru,1.6,['Big Data'],"{'Dr. Praphul Chandra': 3.3600000000000003, 'Dr. Manoj Duse': 10.080000000000002, 'Dr. Dakshinamurthy Kolluru': 1.6, 'Dr. Surya Kompalli': 3.2, 'Dr. Sreerama Murthy': 2.0}"
Day36,Week18,21-07-2019,CSE 7322c,Applying ML to Big Data Using Hadoop and Spark Ecosystem,Big Data,Dr. Manoj Duse,Dr. Manoj Duse,10.08,Dr. Praphul Chandra,3.36,Dr. Surya Kompalli,3.2,Dr. Sreerama Murthy,2,Dr. Dakshinamurthy Kolluru,1.6,['Big Data'],"{'Dr. Praphul Chandra': 3.3600000000000003, 'Dr. Manoj Duse': 10.080000000000002, 'Dr. Dakshinamurthy Kolluru': 1.6, 'Dr. Surya Kompalli': 3.2, 'Dr. Sreerama Murthy': 2.0}"
Day37,Week19,27-07-2019,CSE 7323c,Building End-to-End Data Science Applications,,,,,,,,,,,,,,
Day38,Week19,28-07-2019,CSE 7323c,Building End-to-End Data Science Applications,,,,,,,,,,,,,,
Day39,Week20,03-08-2019,CSE 7323c,Building End-to-End Data Science Applications,,,,,,,,,,,,,,
Day40,Week20,04-08-2019,CSE 7323c,Building End-to-End Data Science Applications,,,,,,,,,,,,,,
Day41,Week21,10-08-2019,CSE 7323c,Building End-to-End Data Science Applications,,,,,,,,,,,,,,
Day42,Week21,11-08-2019,CSE 7323c,Building End-to-End Data Science Applications,,,,,,,,,,,,,,
Day43,Week22,17-08-2019,CSE 7323c,Building End-to-End Data Science Applications,,,,,,,,,,,,,,
Day44,Week22,18-08-2019,CSE 7323c,Building End-to-End Data Science Applications,,,,,,,,,,,,,,
Day45,Week23,24-08-2019,CSE 9099,PHD: Hackathon,,,,,,,,,,,,,,
Day46,Week23,25-08-2019,CSE 9099,PHD: Hackathon,,,,,,,,,,,,,,
Day47,Week24,31-08-2019,CSE 9099,PHD: Hackathon,,,,,,,,,,,,,,
Day48,Week24,01-09-2019,CSE 9099,PHD: Hackathon,,,,,,,,,,,,,,
